{
    "chart": {
        "caption": "Sales Breakup - Top Product Categories",
        "subcaption": "Last Quarter",
        "showPlotBorder": "1",
        "piefillalpha": "60",
        "pieborderthickness": "2",
        "hoverfillcolor": "#CCCCCC",
        "piebordercolor": "#FFFFFF",
        "numberprefix": "$",
        "plottooltext": "$label, $$valueK, $percentValue",
		 "labelDisplay": "rotate",
      
        "theme": "fint"
    },
 
            "category": [
                {
                    "label": "Conversation {br} & Community",
                    "color": "#5e9dcf",
                    "value": "63",
                    "tooltext": "Conversation & Community",
                    "category": [
                        {
                            "label": "Yammer",
                            "color": "#233b48",
                            "value": "7"
                        },
                        {
                            "label": "Conversation Guide and Development",
                            "color": "#233b48",
                            "value": "7"
                        },
                        {
                            "label": "Set your performance objective",
                            "color": "#233b48",
                            "value": "7"
                        },
                        {
                            "label": "Create your development plan",
                            "color": "#233b48",
                            "value": "7"
                        },
						{
                            "label": "Generate your universal profile",
                            "color": "#233b48",
                            "value": "7"
                        },
						{
                            "label": "my Tools",
                            "color": "#233b48",
                            "value": "7"
                        },
						{
                            "label": "my Rio Tinto",
                            "color": "#233b48",
                            "value": "7"
                        },
						
						{
                            "label": "my Learning",
                            "color": "#233b48",
                            "value": "7"
                        },
						
						{
                            "label": "Speak Out",
                            "color": "#233b48",
                            "value": "7"
                        }
                    ]
                },
                {
                    "label": "Culture {br}Commitment",
                    "color": "#a6dbdf",
                    "value": "56",
                    "tooltext": "Culture Commitment",
                    "category": [
                        {
                            "label": "Our Purpose",
                            "color": "#284c63",
                            "value": "7"
                        },
                        {
                            "label": "The way we work",
                            "color": "#284c63",
                            "value": "7"
                        },
                        {
                            "label": "Our Values",
                            "color": "#284c63",
                            "value": "7"
                        },
                        {
                            "label": "Our 5 Priorities",
                            "color": "#284c63",
                            "value": "7"
                        },
                        {
                            "label": "Our Business",
                            "color": "#284c63",
                            "value": "7"
                        },
                        {
                            "label": "Our Operating Model",
                            "color": "#284c63",
                            "value": "7"
                        },
                        {
                            "label": "Health & Wellbeing",
                            "color": "#284c63",
                            "value": "7"
                        },
                        {
                            "label": "Inclusion & Diversity",
                            "color": "#284c63",
                            "value": "7"
                        }
						
                    ]
                },
                {
                    "label": "Career & Personal {br}Growth",
                    "color": "#5e9dcf",
                    "value": "35",
                    "tooltext": "Career & Personal Growth",
                    "category": [
                        {
                            "label": "Explore {br}Growth opportunity",
                            "color": "#036B9B",
                            "value": "7",
                            "tooltext": "Explore {br}Growth opportunity"
                        },
                        {
                            "label": "Find Learning",
                            "color": "#036B9B",
                            "value": "7"
                        },
						
						 {
                            "label": "Career Management Portal",
                            "color": "#036B9B",
                            "value": "7"
                        },
						 {
                            "label": "Career Job Alerts",
                            "color": "#036B9B",
                            "value": "7"
                        },
						
						 {
                            "label": "Generate your universal profile",
                            "color": "#036B9B",
                            "value": "7"
                        }
                    ]
                }
            
            ]
    
}